"Timestamp","Give you confidence levels of the following statements below: [I feel comfortable with the book 'R for Data Science']","Give you confidence levels of the following statements below: [I feel comfortable with using the `swirl` package]","Give you confidence levels of the following statements below: [I can use `ggplot2` for simple plots]","Give you confidence levels of the following statements below: [I can create simple ggplots from tidy data]","Give you confidence levels of the following statements below: [I can use some ggplot aesthetics]","Give you confidence levels of the following statements below: [I can use some ggplot geometrical objects]","Give you confidence levels of the following statements below: [I can assign a value to a variable]","Give you confidence levels of the following statements below: [I can tell what snake case is]","Give you confidence levels of the following statements below: [I can write a comment]","Give you confidence levels of the following statements below: [I can correct typos in simple code]","Any other feedback?"
"2025/04/04 2:58:41 pm EET","5","5","5","4","4","4","5","5","5","4","Great session!"
"2025/04/04 2:59:18 pm EET","5","4","5","5","5","5","5","5","5","5","I like your personality and the way of teaching :) "
"2025/04/04 2:59:22 pm EET","4","5","4","3","3","3","5","4","5","3",""
"2025/04/04 2:59:37 pm EET","4","4","5","5","5","5","5","5","5","5",""
"2025/04/04 3:00:16 pm EET","5","5","5","5","5","5","5","2","5","3","I like the course!"
"2025/04/04 3:00:51 pm EET","3","4","4","3","3","3","3","3","3","3","very interactive and informative. Though require more time "
"2025/04/04 3:01:16 pm EET","4","5","4","4","4","4","5","5","5","5","It was nice that the course was interactive and that it was possible to do the course at different levels. It might be an option to let us read the first chapter of the R for data science book, so there is more time to practice. "
"2025/04/04 3:01:59 pm EET","3","4","3","3","3","3","4","5","5","3","It was really interactive and helpful session. All the resources have made R use easy."
"2025/04/04 3:02:12 pm EET","1","2","2","1","2","2","1","0","1","1",""
"2025/04/04 3:02:53 pm EET","5","5","4","4","5","5","5","5","5","4","Nice and detailed introduction that picks everyone up at their level. Could be made voluntary so people with established skill set can feel free to skip it. "
"2025/04/04 3:02:56 pm EET","5","3","3","3","3","3","5","3","5","3","Interesting and helpful 2 hours, I would have liked a few more! Very valuable to get known to the book 'R for data science', I will definitely continue reading it!"
"2025/04/04 3:04:15 pm EET","5","5","5","5","5","5","5","5","5","5","Thank you for the course day! I wish I had something similar when I was very new to R. Having different skill levels from the beginning could have made it more interesting, but it was still enjoyable to learn proper terms for things I didn't know yet, as I am mostly self-taught in R."